{
    "name": "root",
    "metadata": {
        "timer_format_version": "0.1.0",
        "start_time_seconds": "1707399290",
        "python_version": "3.9.13 (tags/v3.9.13:6de2ca5, May 17 2022, 16:36:42) [MSC v.1929 64 bit (AMD64)]",
        "command_line_arguments": "C:\\Users\\max\\Documents\\GitHub\\AIBilSpelRep\\AiBilspelGithub\\venv\\Scripts\\mlagents-learn config/stupidDriveCar.yaml --run-id=Riktigatest1 --force",
        "mlagents_version": "0.30.0",
        "mlagents_envs_version": "0.30.0",
        "communication_protocol_version": "1.5.0",
        "pytorch_version": "2.1.1+cpu",
        "numpy_version": "1.21.2",
        "end_time_seconds": "1707399325"
    },
    "total": 35.7313647,
    "count": 1,
    "self": 0.0029848000000001207,
    "children": {
        "run_training.setup": {
            "total": 0.05231560000000002,
            "count": 1,
            "self": 0.05231560000000002
        },
        "TrainerController.start_learning": {
            "total": 35.6760643,
            "count": 1,
            "self": 0.02340559999996117,
            "children": {
                "TrainerController._reset_env": {
                    "total": 4.7401010999999995,
                    "count": 1,
                    "self": 4.7401010999999995
                },
                "TrainerController.advance": {
                    "total": 30.851008800000038,
                    "count": 2669,
                    "self": 0.021094299999973032,
                    "children": {
                        "env_step": {
                            "total": 30.353839300000043,
                            "count": 2669,
                            "self": 28.87710689999993,
                            "children": {
                                "SubprocessEnvManager._take_step": {
                                    "total": 1.462503900000093,
                                    "count": 2669,
                                    "self": 0.0640766000000994,
                                    "children": {
                                        "TorchPolicy.evaluate": {
                                            "total": 1.3984272999999936,
                                            "count": 2594,
                                            "self": 1.3984272999999936
                                        }
                                    }
                                },
                                "workers": {
                                    "total": 0.014228500000020183,
                                    "count": 2668,
                                    "self": 0.0,
                                    "children": {
                                        "worker_root": {
                                            "total": 9.049772300000003,
                                            "count": 2668,
                                            "is_parallel": true,
                                            "self": 3.1931524000000078,
                                            "children": {
                                                "steps_from_proto": {
                                                    "total": 0.000249600000000072,
                                                    "count": 1,
                                                    "is_parallel": true,
                                                    "self": 0.00011000000000027654,
                                                    "children": {
                                                        "_process_rank_one_or_two_observation": {
                                                            "total": 0.00013959999999979544,
                                                            "count": 4,
                                                            "is_parallel": true,
                                                            "self": 0.00013959999999979544
                                                        }
                                                    }
                                                },
                                                "UnityEnvironment.step": {
                                                    "total": 5.856370299999995,
                                                    "count": 2668,
                                                    "is_parallel": true,
                                                    "self": 0.09265849999997577,
                                                    "children": {
                                                        "UnityEnvironment._generate_step_input": {
                                                            "total": 0.07499260000001229,
                                                            "count": 2668,
                                                            "is_parallel": true,
                                                            "self": 0.07499260000001229
                                                        },
                                                        "communicator.exchange": {
                                                            "total": 5.35701550000003,
                                                            "count": 2668,
                                                            "is_parallel": true,
                                                            "self": 5.35701550000003
                                                        },
                                                        "steps_from_proto": {
                                                            "total": 0.3317036999999763,
                                                            "count": 2668,
                                                            "is_parallel": true,
                                                            "self": 0.17165209999991404,
                                                            "children": {
                                                                "_process_rank_one_or_two_observation": {
                                                                    "total": 0.16005160000006224,
                                                                    "count": 10672,
                                                                    "is_parallel": true,
                                                                    "self": 0.16005160000006224
                                                                }
                                                            }
                                                        }
                                                    }
                                                }
                                            }
                                        }
                                    }
                                }
                            }
                        },
                        "trainer_advance": {
                            "total": 0.47607520000002346,
                            "count": 2668,
                            "self": 0.024410200000012594,
                            "children": {
                                "process_trajectory": {
                                    "total": 0.45166500000001086,
                                    "count": 2668,
                                    "self": 0.45166500000001086
                                }
                            }
                        }
                    }
                },
                "trainer_threads": {
                    "total": 1.00000000458067e-06,
                    "count": 1,
                    "self": 1.00000000458067e-06
                },
                "TrainerController._save_models": {
                    "total": 0.0615477999999996,
                    "count": 1,
                    "self": 0.007243600000002459,