{
    "name": "root",
    "gauges": {
        "stupidDriveCar.Policy.Entropy.mean": {
            "value": 0.5305060148239136,
            "min": 0.4418885409832001,
            "max": 0.5305060148239136,
            "count": 2
        },
        "stupidDriveCar.Policy.Entropy.sum": {
            "value": 5309.30419921875,
            "min": 4421.978515625,
            "max": 5309.30419921875,
            "count": 2
        },
        "stupidDriveCar.Step.mean": {
            "value": 19999.0,
            "min": 9991.0,
            "max": 19999.0,
            "count": 2
        },
        "stupidDriveCar.Step.sum": {
            "value": 19999.0,
            "min": 9991.0,
            "max": 19999.0,
            "count": 2
        },
        "stupidDriveCar.Policy.ExtrinsicValueEstimate.mean": {
            "value": -98.7381591796875,
            "min": -98.7381591796875,
            "max": -88.49324035644531,
            "count": 2
        },
        "stupidDriveCar.Policy.ExtrinsicValueEstimate.sum": {
            "value": -117004.71875,
            "min": -117004.71875,
            "max": -105749.421875,
            "count": 2
        },
        "stupidDriveCar.Environment.EpisodeLength.mean": {
            "value": 26.34426229508197,
            "min": 26.34426229508197,
            "max": 27.464387464387464,
            "count": 2
        },
        "stupidDriveCar.Environment.EpisodeLength.sum": {
            "value": 9642.0,
            "min": 9640.0,
            "max": 9642.0,
            "count": 2
        },
        "stupidDriveCar.Environment.CumulativeReward.mean": {
            "value": -49.02419803702766,
            "min": -49.02419803702766,
            "max": -31.913048321025663,
            "count": 2
        },
        "stupidDriveCar.Environment.CumulativeReward.sum": {
            "value": -17942.856481552124,
            "min": -17942.856481552124,
            "max": -11201.479960680008,
            "count": 2
        },
        "stupidDriveCar.Policy.ExtrinsicReward.mean": {
            "value": -49.02419803702766,
            "min": -49.02419803702766,
            "max": -31.913048321025663,
            "count": 2
        },
        "stupidDriveCar.Policy.ExtrinsicReward.sum": {
            "value": -17942.856481552124,
            "min": -17942.856481552124,
            "max": -11201.479960680008,
            "count": 2
        },
        "stupidDriveCar.Losses.PolicyLoss.mean": {
            "value": 0.24503157581886945,
            "min": 0.24480607403991858,
            "max": 0.24503157581886945,
            "count": 2
        },
        "stupidDriveCar.Losses.PolicyLoss.sum": {
            "value": 23.768062854430337,
            "min": 23.501383107832183,
            "max": 23.768062854430337,
            "count": 2
        },
        "stupidDriveCar.Losses.ValueLoss.mean": {
            "value": 661.2410513446391,
            "min": 648.6458862675561,
            "max": 661.2410513446391,
            "count": 2
        },
        "stupidDriveCar.Losses.ValueLoss.sum": {
            "value": 64140.38198042999,
            "min": 62270.00508168538,
            "max": 64140.38198042999,
            "count": 2
        },
        "stupidDriveCar.Policy.LearningRate.mean": {
            "value": 0.0002991028283402944,
            "min": 0.0002991028283402944,
            "max": 0.0002996978644757119,
            "count": 2
        },
        "stupidDriveCar.Policy.LearningRate.sum": {
            "value": 0.029012974349008555,
            "min": 0.02877099498966834,
            "max": 0.029012974349008555,
            "count": 2
        },
        "stupidDriveCar.Policy.Epsilon.mean": {
            "value": 0.19970094268041239,
            "min": 0.19970094268041239,
            "max": 0.19989928812500002,
            "count": 2
        },
        "stupidDriveCar.Policy.Epsilon.sum": {
            "value": 19.37099144,
            "min": 19.190331660000002,
            "max": 19.37099144,
            "count": 2
        },
        "stupidDriveCar.Policy.Beta.mean": {
            "value": 0.0005000000000000001,
            "min": 0.0005000000000000001,
            "max": 0.0005000000000000001,
            "count": 2
        },
        "stupidDriveCar.Policy.Beta.sum": {
            "value": 0.048500000000000015,
            "min": 0.048000000000000015,
            "max": 0.048500000000000015,
            "count": 2
        },
        "stupidDriveCar.IsTraining.mean": {
            "value": 1.0,
            "min": 1.0,
            "max": 1.0,
            "count": 2
        },
        "stupidDriveCar.IsTraining.sum": {
            "value": 1.0,
            "min": 1.0,
            "max": 1.0,
            "count": 2
        }
    },
    "metadata": {
        "timer_format_version": "0.1.0",
        "start_time_seconds": "1707395593",
        "python_version": "3.9.13 (tags/v3.9.13:6de2ca5, May 17 2022, 16:36:42) [MSC v.1929 64 bit (AMD64)]",
        "command_line_arguments": "C:\\Users\\max\\Documents\\GitHub\\AIBilSpelRep\\AiBilspelGithub\\venv\\Scripts\\mlagents-learn config/stupidDriveCar.yaml --run-id=Riktigatest2 --force",
        "mlagents_version": "0.30.0",
        "mlagents_envs_version": "0.30.0",
        "communication_protocol_version": "1.5.0",
        "pytorch_version": "2.1.1+cpu",
        "numpy_version": "1.21.2",
        "end_time_seconds": "1707395779"
    },
    "total": 185.3173129,
    "count": 1,
    "self": 0.0027047000000095522,
    "children": {
        "run_training.setup": {
            "total": 0.04807870000000003,
            "count": 1,
            "self": 0.04807870000000003
        },
        "TrainerController.start_learning": {
            "total": 185.2665295,
            "count": 1,
            "self": 0.26435780000230125,
            "children": {
                "TrainerController._reset_env": {
                    "total": 2.6267135,
                    "count": 1,
                    "self": 2.6267135
                },
                "TrainerController.advance": {
                    "total": 182.31393069999768,
                    "count": 29161,
                    "self": 0.22467159999717978,
                    "children": {
                        "env_step": {
                            "total": 155.3401751000006,
                            "count": 29161,
                            "self": 138.41841570000167,
                            "children": {
                                "SubprocessEnvManager._take_step": {
                                    "total": 16.754042399998994,
                                    "count": 29162,
                                    "self": 0.7137704999986809,
                                    "children": {
                                        "TorchPolicy.evaluate": {
                                            "total": 16.040271900000313,
                                            "count": 28328,
                                            "self": 16.040271900000313
                                        }
                                    }
                                },
                                "workers": {
                                    "total": 0.16771699999994016,
                                    "count": 29160,
                                    "self": 0.0,
                                    "children": {
                                        "worker_root": {
                                            "total": 126.65698270000001,
                                            "count": 29160,
                                            "is_parallel": true,
                                            "self": 55.91842199999991,
                                            "children": {
                                                "steps_from_proto": {
                                                    "total": 0.0005163999999973079,
                                                    "count": 2,