{
    "name": "root",
    "gauges": {
        "stupidDriveCar.Policy.Entropy.mean": {
            "value": 0.6310334801673889,
            "min": 0.6310334801673889,
            "max": 1.1505032777786255,
            "count": 2
        },
        "stupidDriveCar.Policy.Entropy.sum": {
            "value": 6324.2177734375,
            "min": 6324.2177734375,
            "max": 11538.3974609375,
            "count": 2
        },
        "stupidDriveCar.Step.mean": {
            "value": 19987.0,
            "min": 9965.0,
            "max": 19987.0,
            "count": 2
        },
        "stupidDriveCar.Step.sum": {
            "value": 19987.0,
            "min": 9965.0,
            "max": 19987.0,
            "count": 2
        },
        "stupidDriveCar.Policy.ExtrinsicValueEstimate.mean": {
            "value": -3.1650171279907227,
            "min": -3.1650171279907227,
            "max": -2.9081969261169434,
            "count": 2
        },
        "stupidDriveCar.Policy.ExtrinsicValueEstimate.sum": {
            "value": -528.557861328125,
            "min": -528.557861328125,
            "max": -479.85247802734375,
            "count": 2
        },
        "stupidDriveCar.Losses.PolicyLoss.mean": {
            "value": 0.24084246257116726,
            "min": 0.24084246257116726,
            "max": 0.24541065952199964,
            "count": 2
        },
        "stupidDriveCar.Losses.PolicyLoss.sum": {
            "value": 18.785712080551047,
            "min": 18.785712080551047,
            "max": 19.14203144271597,
            "count": 2
        },
        "stupidDriveCar.Losses.ValueLoss.mean": {
            "value": 1.1698920123939327,
            "min": 1.1698920123939327,
            "max": 4.180435955809054,
            "count": 2
        },
        "stupidDriveCar.Losses.ValueLoss.sum": {
            "value": 91.25157696672676,
            "min": 91.25157696672676,
            "max": 326.07400455310625,
            "count": 2
        },
        "stupidDriveCar.Policy.LearningRate.mean": {
            "value": 0.0002909860722354128,
            "min": 0.0002909860722354128,
            "max": 0.0002969870240812487,
            "count": 2
        },
        "stupidDriveCar.Policy.LearningRate.sum": {
            "value": 0.0226969136343622,
            "min": 0.0226969136343622,
            "max": 0.023164987878337397,
            "count": 2
        },
        "stupidDriveCar.Policy.Epsilon.mean": {
            "value": 0.19699535641025642,
            "min": 0.19699535641025642,
            "max": 0.19899567435897436,
            "count": 2
        },
        "stupidDriveCar.Policy.Epsilon.sum": {
            "value": 15.365637800000002,
            "min": 15.365637800000002,
            "max": 15.5216626,
            "count": 2
        },
        "stupidDriveCar.Policy.Beta.mean": {
            "value": 0.0005000000000000001,
            "min": 0.0005000000000000001,
            "max": 0.0005000000000000001,
            "count": 2
        },
        "stupidDriveCar.Policy.Beta.sum": {
            "value": 0.03900000000000001,
            "min": 0.03900000000000001,
            "max": 0.03900000000000001,
            "count": 2
        },
        "stupidDriveCar.Environment.EpisodeLength.mean": {
            "value": 552.4285714285714,
            "min": 509.8125,
            "max": 552.4285714285714,
            "count": 2
        },
        "stupidDriveCar.Environment.EpisodeLength.sum": {
            "value": 11601.0,
            "min": 8157.0,
            "max": 11601.0,
            "count": 2
        },
        "stupidDriveCar.Environment.CumulativeReward.mean": {
            "value": -15.672771272205171,
            "min": -17.51905608177185,
            "max": -15.672771272205171,
            "count": 2
        },
        "stupidDriveCar.Environment.CumulativeReward.sum": {
            "value": -329.1281967163086,
            "min": -329.1281967163086,
            "max": -280.3048973083496,
            "count": 2
        },
        "stupidDriveCar.Policy.ExtrinsicReward.mean": {
            "value": -15.672771272205171,
            "min": -17.51905608177185,
            "max": -15.672771272205171,
            "count": 2
        },
        "stupidDriveCar.Policy.ExtrinsicReward.sum": {
            "value": -329.1281967163086,
            "min": -329.1281967163086,
            "max": -280.3048973083496,
            "count": 2
        },
        "stupidDriveCar.IsTraining.mean": {
            "value": 1.0,
            "min": 1.0,
            "max": 1.0,
            "count": 2
        },
        "stupidDriveCar.IsTraining.sum": {
            "value": 1.0,
            "min": 1.0,
            "max": 1.0,
            "count": 2
        }
    },
    "metadata": {
        "timer_format_version": "0.1.0",
        "start_time_seconds": "1693678989",
        "python_version": "3.7.9 (tags/v3.7.9:13c94747c7, Aug 17 2020, 16:30:00) [MSC v.1900 64 bit (AMD64)]",
        "command_line_arguments": "C:\\Users\\max\\Documents\\GitHub\\AIBilSpelRep\\AiBilspelGithub\\venv\\Scripts\\mlagents-learn config/stupidDriveCar.yaml --force",
        "mlagents_version": "0.29.0",
        "mlagents_envs_version": "0.29.0",
        "communication_protocol_version": "1.5.0",
        "pytorch_version": "1.13.1+cpu",
        "numpy_version": "1.21.2",
        "end_time_seconds": "1693679240"
    },
    "total": 250.9420639,
    "count": 1,
    "self": 0.009913000000011607,
    "children": {
        "run_training.setup": {
            "total": 0.09306750000000008,
            "count": 1,
            "self": 0.09306750000000008
        },
        "TrainerController.start_learning": {
            "total": 250.8390834,
            "count": 1,
            "self": 0.5049779000006822,
            "children": {
                "TrainerController._reset_env": {
                    "total": 9.2777246,
                    "count": 1,
                    "self": 9.2777246
                },
                "TrainerController.advance": {
                    "total": 240.9559648999993,
                    "count": 27034,
                    "self": 0.4784449000014206,
                    "children": {
                        "env_step": {
                            "total": 199.86243439999822,
                            "count": 27034,
                            "self": 166.3507440000012,
                            "children": {
                                "SubprocessEnvManager._take_step": {
                                    "total": 33.18368019999856,
                                    "count": 27035,
                                    "self": 1.5287955999992988,
                                    "children": {
                                        "TorchPolicy.evaluate": {
                                            "total": 31.654884599999264,
                                            "count": 27035,
                                            "self": 7.763282899998899,
                                            "children": {
                                                "TorchPolicy.sample_actions": {
                                                    "total": 23.891601700000365,
                                                    "count": 27035,
                                                    "self": 23.891601700000365
                                                }
                                            }
                                        }
                                    }
                                },
                                "workers": {
                                    "total": 0.3280101999984417,
                                    "count": 27033,
                                    "self": 0.0,
                                    "children": {
                                        "worker_root": {
                                            "total": 181.2316260999992,