{"count":1,"self":15743.4445824,"total":42203.8165121,"children":{"InitializeActuators":{"count":1,"self":0.001996,"total":0.001996,"children":null},"InitializeSensors":{"count":1,"self":0.0035445,"total":0.0035445,"children":null},"AgentSendState":{"count":24902018,"self":328.45391359999996,"total":466.7528943,"children":{"CollectObservations":{"count":4980404,"self":10.033596,"total":10.033596099999999,"children":null},"WriteActionMask":{"count":4980404,"self":4.6975831999999995,"total":4.6975834,"children":null},"RequestDecision":{"count":4980404,"self":25.4901216,"total":123.56781249999999,"children":{"AgentInfo.ToProto":{"count":4980404,"self":27.2038656,"total":98.0776909,"children":{"GenerateSensorData":{"count":4980404,"self":62.000332799999995,"total":70.873826499999993,"children":{"RayPerceptionSensor.Perceive":{"count":4980404,"self":8.873496,"total":8.8734959,"children":null}}}}}}}}},"DecideAction":{"count":24902018,"self":25937.7774592,"total":25937.777134699998,"children":null},"AgentAct":{"count":24902018,"self":54.336448,"total":54.3423404,"children":{"AgentInfo.ToProto":{"count":501,"self":0.0029346,"total":0.0058928999999999995,"children":{"GenerateSensorData":{"count":501,"self":0.0019627,"total":0.0029583,"children":{"RayPerceptionSensor.Perceive":{"count":501,"self":0.0009956,"total":0.0009956,"children":null}}}}}}},"AgentInfo.ToProto":{"count":70357,"self":0.3914298,"total":1.494685,"children":{"GenerateSensorData":{"count":70357,"self":0.8753025,"total":1.1032552,"children":{"RayPerceptionSensor.Perceive":{"count":70357,"self":0.22795269999999998,"total":0.22795269999999998,"children":null}}}}}},"gauges":{"stupidDriveCar.CumulativeReward":{"count":70858,"max":1653.05835,"min":-2229.581,"runningAverage":-286.041656,"value":-271.637,"weightedAverage":-169.80481}},"metadata":{"timer_format_version":"0.1.0","start_time_seconds":"1708732566","unity_version":"2022.3.8f1","command_line_arguments":"C:\\Program Files\\Unity 2022.3.8f1\\Editor\\Unity.exe -projectpath C:\\Users\\arvid.kagedal\\Documents\\GitHub\\AIBilSpelRep\\AiBilspelGithub -useHub -hubIPC -cloudEnvironment production -licensingIpc LicenseClient-arvid.kagedal -hubSessionId ba173841-13cc-4505-9300-e5543150b5cc","communication_protocol_version":"1.5.0","com.unity.ml-agents_version":"2.0.1","scene_name":"Custom track","end_time_seconds":"1708774770"}}