{"count":1,"self":50224.6342656,"total":80331.3428632,"children":{"InitializeActuators":{"count":1,"self":0.0020001,"total":0.0020001,"children":null},"InitializeSensors":{"count":1,"self":0.0019969,"total":0.0019969,"children":null},"AgentSendState":{"count":25105035,"self":229.5108352,"total":419.03150899999997,"children":{"CollectObservations":{"count":5021007,"self":54.701740799999996,"total":54.7017424,"children":null},"WriteActionMask":{"count":5021007,"self":4.6439432,"total":4.6439433999999995,"children":null},"RequestDecision":{"count":5021007,"self":25.7194416,"total":130.1749851,"children":{"AgentInfo.ToProto":{"count":5021007,"self":28.1328832,"total":104.4555432,"children":{"GenerateSensorData":{"count":5021007,"self":66.223955199999992,"total":76.3226586,"children":{"RayPerceptionSensor.Perceive":{"count":5021007,"self":10.0987,"total":10.098700299999999,"children":null}}}}}}}}},"DecideAction":{"count":25105035,"self":29637.400985599998,"total":29637.400002299997,"children":null},"AgentAct":{"count":25105035,"self":48.882431999999994,"total":48.924125499999995,"children":{"AgentInfo.ToProto":{"count":1848,"self":0.0099403,"total":0.041692,"children":{"GenerateSensorData":{"count":1848,"self":0.022792,"total":0.0317517,"children":{"RayPerceptionSensor.Perceive":{"count":1848,"self":0.0089597,"total":0.0089597,"children":null}}}}}}},"AgentInfo.ToProto":{"count":59583,"self":0.38011809999999996,"total":1.3471129,"children":{"GenerateSensorData":{"count":59583,"self":0.7857271,"total":0.96699479999999993,"children":{"RayPerceptionSensor.Perceive":{"count":59583,"self":0.1812677,"total":0.1812677,"children":null}}}}}},"gauges":{"stupidDriveCar.CumulativeReward":{"count":61431,"max":308.0901,"min":-1703.18286,"runningAverage":-242.753021,"value":-399.099426,"weightedAverage":-267.961334}},"metadata":{"timer_format_version":"0.1.0","start_time_seconds":"1708820731","unity_version":"2022.3.8f1","command_line_arguments":"C:\\Program Files\\Unity 2022.3.8f1\\Editor\\Unity.exe -projectpath C:\\Users\\arvid.kagedal\\Documents\\GitHub\\AIBilSpelRep\\AiBilspelGithub -useHub -hubIPC -cloudEnvironment production -licensingIpc LicenseClient-arvid.kagedal -hubSessionId 67531964-7d7b-41bf-a115-945827104eb2","communication_protocol_version":"1.5.0","com.unity.ml-agents_version":"2.0.1","scene_name":"Driving scene 1","end_time_seconds":"1708901062"}}